Titulo,Autor,ISBN,Genero
Cien años de soledad,Gabriel García Márquez,978-8437604947,Realismo mágico
Don Quijote de la Mancha,Miguel de Cervantes,978-8424116286,Novela
1984,George Orwell,978-0451524935,Distopía
El principito,Antoine de Saint-Exupéry,978-0156013987,Fábula
Fahrenheit 451,Ray Bradbury,978-1451673319,Ciencia ficción
Pedro Páramo,Juan Rulfo,978-8437604183,Realismo mágico
El Hobbit,J.R.R. Tolkien,978-0547928227,Fantasía
Crónica de una muerte anunciada,Gabriel García Márquez,978-1400034956,Novela
Un mundo feliz,Aldous Huxley,978-0060850524,Distopía
Ficciones,Jorge Luis Borges,978-0307950925,Cuento
