Aventureros al Tren Europa; 8; 2; 5; 30
Aventuretos al Tren New York; 8; 2; 4; 10
Azul; 8; 2; 4; 30
Azul Mosaico de Cristal; 10; 2; 4; 30
Azul Vitrales de Sintra; 8; 2; 4; 30
Bang! La Bala; 8; 3; 8; 20
Banjooli Xeet; 8; 2; 5; 30
Bloqs; 8; 2; 4; 30
Cacao; 8; 2; 4; 45
Cacao Diamante; 8; 2; 4; 60
Cacao Diamante New Huts; 8; 2; 4; 60
Cacao Xocolatl; 8; 2; 4; 60
Camel Up; 8; 2; 8; 20
Camel Up Camello Arbitro; 8; 2; 8; 20
Camel Up Supercup; 8; 2; 10; 30
Camel Up Temporada Baja; 8; 3; 5; 45
Carcassonne; 7; 2; 5; 30
Catan Juego de Cartas; 10; 2; 4; 30
Catch the moon; 6; 2; 6; 20
Cerberus; 10; 3; 7; 30
Ciudadelas; 10; 2; 8; 30
Claim; 10; 2; 2; 25
Claim 2; 10; 2; 2; 25
Clash of Decks; 8; 1; 2; 15
Codigo Secreto; 14; 2; 8; 15
Coin Age; 8; 2; 2; 15
Colonos de Catan; 10; 3; 4; 60
Colonos del Imperio; 10; 1; 4; 45
Colt Express Big Box; 10; 2; 9; 40
Disney Villainous; 10; 2; 6; 50
